Workbook

Sheet Özet
A1: KKTC KGS — İngilizce Sınav Zorluğu Analizi (2016–2026)
A2: Veri: github.com/RYucel/KKTC_Egitim | Sonuçlar: Lefkoşa TMK CEE-2 | Analiz birimi: 2. Basamak (Haziran)
A4: ANA TEŞHİS
A5: İngilizce sınavı daha zor KELİME/CÜMLE ile değil, sabit 90 dk'da daha çok OKUTARAK zorlaştı.
A7: BULGU | E7: DEĞER
A8: İngilizce okuma yükü (söz/soru): 2017 → 2024 zirve → 2026 | E8: 33 → 52 → 41
A9: Tahmini okuma süresi (İngilizce bölümü) | E9: 5,9 → 8,9 → 7,4 dk
A10: Kelime karmaşıklığı (uzunluk / MATTR / nadir oran) | E10: Sabit ➡
A11: Yapısal okunabilirlik (Flesch ~85, FK ~4. sınıf) | E11: Sabit ➡
A12: İngilizce başarı oranı (tüm derslerin en düşüğü) | E12: %66,4
A13: Kohort-arındırılmış İngilizce trendi | E13: −0,64 puan/yıl
A15: KORELASYON (kohort-arındırılmış İngilizce başarısı ile)
A16: Okuma süresi / hacim | E16: r = −0,60
A17: Farklı kelime sayısı (hacimle birlikte) | E17: r = −0,57
A18: İleri kelime ORANI (normalize) | E18: r = +0,16 (etkisiz)
A19: Flesch okunabilirlik (yapısal) | E19: r = −0,05 (etkisiz)
A21: 2026 DOĞAL TESTİ
A23: SINIRLAR

Sheet 1_Kelime_Sayısı
A1: Bölüm Kelime Sayıları — Türkçe (1. Oturum) ve İngilizce (2. Oturum)
A2: Yıl | B2: Basamak | C2: Türkçe kelime | D2: İngilizce kelime | E2: Not
A3: 2016 | B3: 1 | C3: 1843 | D3: 599
A4: 2017 | B4: 1 | C4: 1239 | D4: 690
A5: 2017 | B5: 2 | D5: 729
A6: 2018 | B6: 1 | D6: 671
A7: 2018 | B7: 2 | D7: 809
A8: 2019 | B8: 2 | C8: 1364 | D8: 743
A9: 2020 | B9: 1 | D9: 693
A10: 2020 | B10: 2 | C10: 1759 | D10: 804
A11: 2021 | B11: 1 | C11: 1698 | D11: 968
A12: 2022 | B12: 1 | C12: 1602 | D12: 791
A13: 2022 | B13: 2 | C13: 1845 | D13: 823
A14: 2023 | B14: 1 | C14: 1481 | D14: 991
A15: 2023 | B15: 2 | C15: 1223 | D15: 929
A16: 2024 | B16: 1 | C16: 1341 | D16: 902
A17: 2024 | B17: 2 | C17: 1378 | D17: 1139
A18: 2025 | B18: 1 | C18: 1368 | D18: 1110
A19: 2025 | B19: 2 | C19: 1385 | D19: 1048
A20: 2026 | B20: 1 | C20: 1967 | D20: 908
A21: 2026 | B21: 2 | C21: 1649 | D21: 903
A23: Kaynak: KGS soru kitapçıkları (PyMuPDF metin çıkarımı; bölüm 'TESTİ'→'BİTMİŞTİR' arası; başlık/sayfa no/şık etiketleri hariç).

Sheet 2_Yıllık_Özet
A1: Yıllık Ortalama Kelime Sayısı (grafik verisi)
A2: Yıl | B2: Türkçe ort. | C2: İngilizce ort.
A3: 2016 | B3: =AVERAGEIFS(1_Kelime_Sayısı!C:C,1_Kelime_Sayısı!A:A,A3) -> 1843 | C3: =AVERAGEIFS(1_Kelime_Sayısı!D:D,1_Kelime_Sayısı!A:A,A3) -> 599
A4: 2017 | B4: =AVERAGEIFS(1_Kelime_Sayısı!C:C,1_Kelime_Sayısı!A:A,A4) -> 1239 | C4: =AVERAGEIFS(1_Kelime_Sayısı!D:D,1_Kelime_Sayısı!A:A,A4) -> 709.5
A5: 2018 | C5: =AVERAGEIFS(1_Kelime_Sayısı!D:D,1_Kelime_Sayısı!A:A,A5) -> 740
A6: 2019 | B6: =AVERAGEIFS(1_Kelime_Sayısı!C:C,1_Kelime_Sayısı!A:A,A6) -> 1364 | C6: =AVERAGEIFS(1_Kelime_Sayısı!D:D,1_Kelime_Sayısı!A:A,A6) -> 743
A7: 2020 | B7: =AVERAGEIFS(1_Kelime_Sayısı!C:C,1_Kelime_Sayısı!A:A,A7) -> 1759 | C7: =AVERAGEIFS(1_Kelime_Sayısı!D:D,1_Kelime_Sayısı!A:A,A7) -> 748.5
A8: 2021 | B8: =AVERAGEIFS(1_Kelime_Sayısı!C:C,1_Kelime_Sayısı!A:A,A8) -> 1698 | C8: =AVERAGEIFS(1_Kelime_Sayısı!D:D,1_Kelime_Sayısı!A:A,A8) -> 968
A9: 2022 | B9: =AVERAGEIFS(1_Kelime_Sayısı!C:C,1_Kelime_Sayısı!A:A,A9) -> 1723.5 | C9: =AVERAGEIFS(1_Kelime_Sayısı!D:D,1_Kelime_Sayısı!A:A,A9) -> 807
A10: 2023 | B10: =AVERAGEIFS(1_Kelime_Sayısı!C:C,1_Kelime_Sayısı!A:A,A10) -> 1352 | C10: =AVERAGEIFS(1_Kelime_Sayısı!D:D,1_Kelime_Sayısı!A:A,A10) -> 960
A11: 2024 | B11: =AVERAGEIFS(1_Kelime_Sayısı!C:C,1_Kelime_Sayısı!A:A,A11) -> 1359.5 | C11: =AVERAGEIFS(1_Kelime_Sayısı!D:D,1_Kelime_Sayısı!A:A,A11) -> 1020.5
A12: 2025 | B12: =AVERAGEIFS(1_Kelime_Sayısı!C:C,1_Kelime_Sayısı!A:A,A12) -> 1376.5 | C12: =AVERAGEIFS(1_Kelime_Sayısı!D:D,1_Kelime_Sayısı!A:A,A12) -> 1079
A13: 2026 | B13: =AVERAGEIFS(1_Kelime_Sayısı!C:C,1_Kelime_Sayısı!A:A,A13) -> 1808 | C13: =AVERAGEIFS(1_Kelime_Sayısı!D:D,1_Kelime_Sayısı!A:A,A13) -> 905.5

Sheet 3_İng_Metrikler
A1: İngilizce — Dilbilimsel Metrikler (tüm 2. Oturum sınavları)
A2: Yıl | B2: Basamak | C2: Kelime | D2: Söz/Soru | E2: Cümle uzunluğu | F2: Kelime uz. (harf) | G2: MATTR (çeşitlilik)
A3: 2016 | B3: 1 | C3: 599 | D3: =C3/22 -> 27.227273 | E3: 9.5 | F3: 4.01 | G3: 0.65
A4: 2017 | B4: 1 | C4: 690 | D4: =C4/22 -> 31.363636 | E4: 9.5 | F4: 4.07 | G4: 0.691
A5: 2017 | B5: 2 | C5: 729 | D5: =C5/22 -> 33.136364 | E5: 9.5 | F5: 3.95 | G5: 0.717
A6: 2018 | B6: 1 | C6: 671 | D6: =C6/22 -> 30.5 | E6: 7.8 | F6: 4.02 | G6: 0.703
A7: 2018 | B7: 2 | C7: 809 | D7: =C7/22 -> 36.772727 | E7: 10.8 | F7: 4.37 | G7: 0.719
A8: 2019 | B8: 2 | C8: 743 | D8: =C8/22 -> 33.772727 | E8: 10.9 | F8: 4.37 | G8: 0.747
A9: 2020 | B9: 1 | C9: 693 | D9: =C9/22 -> 31.5 | E9: 9.2 | F9: 4.05 | G9: 0.719
A10: 2020 | B10: 2 | C10: 804 | D10: =C10/22 -> 36.545455 | E10: 10.9 | F10: 3.95 | G10: 0.718
A11: 2021 | B11: 1 | C11: 968 | D11: =C11/22 -> 44 | E11: 8.4 | F11: 3.9 | G11: 0.684
A12: 2022 | B12: 1 | C12: 791 | D12: =C12/22 -> 35.954545 | E12: 8.5 | F12: 3.91 | G12: 0.693
A13: 2022 | B13: 2 | C13: 823 | D13: =C13/22 -> 37.409091 | E13: 9.4 | F13: 4.07 | G13: 0.708
A14: 2023 | B14: 1 | C14: 991 | D14: =C14/22 -> 45.045455 | E14: 9.7 | F14: 4 | G14: 0.694
... A21: 2026 | B21: 2 | C21: 903 | D21: =C21/22 -> 41.045455 | E21: 10.6 | F21: 4.02 | G21: 0.707
A23: Söz/Soru = Kelime / 22 (sabit soru sayısı). MATTR: 100 kelimelik pencere; yüksek=daha çeşitli.

Sheet 4_Kelime_Çeşitliliği
A1: İngilizce Kelime Çeşitliliği & Nadirlik (2. Basamak, sözlük filtreli)
A2: Yıl | B2: Token | C2: Farklı kelime | D2: Ort. Zipf | E2: İleri (<4.0) | F2: %İleri | G2: Nadir (<3.5) | H2: %Nadir
A3: 2017 | B3: 729 | C3: 314 | D3: 5.332 | E3: 20 | F3: =E3/C3 -> 0.063694268 | G3: 7 | H3: =G3/C3 -> 0.022292994
A4: 2018 | B4: 824 | C4: 345 | D4: 5.165 | E4: 46 | F4: =E4/C4 -> 0.13333333 | G4: 17 | H4: =G4/C4 -> 0.049275362
A5: 2019 | B5: 733 | C5: 349 | D5: 5.118 | E5: 54 | F5: =E5/C5 -> 0.15472779 | G5: 15 | H5: =G5/C5 -> 0.042979943
A6: 2020 | B6: 813 | C6: 321 | D6: 5.289 | E6: 38 | F6: =E6/C6 -> 0.11838006 | G6: 16 | H6: =G6/C6 -> 0.049844237
A7: 2022 | B7: 817 | C7: 321 | D7: 5.246 | E7: 29 | F7: =E7/C7 -> 0.090342679 | G7: 9 | H7: =G7/C7 -> 0.028037383
A8: 2023 | B8: 935 | C8: 368 | D8: 5.219 | E8: 43 | F8: =E8/C8 -> 0.11684783 | G8: 18 | H8: =G8/C8 -> 0.048913043
A9: 2024 | B9: 1153 | C9: 406 | D9: 5.102 | E9: 63 | F9: =E9/C9 -> 0.15517241 | G9: 20 | H9: =G9/C9 -> 0.049261084
A10: 2025 | B10: 1091 | C10: 404 | D10: 5.08 | E10: 56 | F10: =E10/C10 -> 0.13861386 | G10: 23 | H10: =G10/C10 -> 0.056930693
A11: 2026 | B11: 927 | C11: 368 | D11: 5.226 | E11: 41 | F11: =E11/C11 -> 0.11141304 | G11: 14 | H11: =G11/C11 -> 0.038043478
A13: Zipf düşük=nadir kelime. %İleri/%Nadir = oran (token bazlı). Parçacıklar pyspellchecker sözlüğüyle elendi.

Sheet 5_Okunabilirlik
A1: İngilizce Okunabilirlik (2. Basamak)
A2: Yıl | B2: Flesch RE (yüksek=kolay) | C2: FK sınıf seviyesi | D2: Gunning Fog | E2: Kelime | F2: Okuma süresi (dk)
A3: 2017 | B3: 89.1 | C3: 3.5 | D3: 4.8 | E3: 766 | F3: =E3/130 -> 5.8923077
A4: 2018 | B4: 78.8 | C4: 5.4 | D4: 6.6 | E4: 860 | F4: =E4/130 -> 6.6153846
A5: 2019 | B5: 82.3 | C5: 4.7 | D5: 5.8 | E5: 777 | F5: =E5/130 -> 5.9769231
A6: 2020 | B6: 88 | C6: 4.1 | D6: 5.6 | E6: 875 | F6: =E6/130 -> 6.7307692
A7: 2022 | B7: 86.8 | C7: 3.9 | D7: 5.5 | E7: 866 | F7: =E7/130 -> 6.6615385
A8: 2023 | B8: 87.2 | C8: 3.8 | D8: 5.3 | E8: 969 | F8: =E8/130 -> 7.4538462
A9: 2024 | B9: 89.4 | C9: 3.3 | D9: 5.2 | E9: 1156 | F9: =E9/130 -> 8.8923077
A10: 2025 | B10: 80.3 | C10: 5 | D10: 6.9 | E10: 1105 | F10: =E10/130 -> 8.5
A11: 2026 | B11: 87.5 | C11: 4.1 | D11: 6.2 | E11: 963 | F11: =E11/130 -> 7.4076923
A13: Okuma süresi = Kelime / 130 (L2 dikkatli okuma, kelime/dk varsayımı). Flesch 80-90 = 'kolay', ~5. sınıf.

Sheet 6_CEE2_Sonuçları
A1: Lefkoşa TMK CEE-2 Sonuçları — ham doğru sayısı, % başarı ve kohort-arındırılmış İngilizce
A2: Yıl | B2: Fen (ham) | C2: Matematik (ham) | D2: Sosyal (ham) | E2: İngilizce (ham) | F2: Türkçe (ham) | G2: Fen % | H2: Matematik % | I2: Sosyal % | J2: İngilizce % | K2: Türkçe % | L2: Diğer4 ort % | M2: İng. kohort-ar.
A3: 2016 | B3: 12.08 | C3: 18.48 | D3: 8.81 | E3: 15.38 | F3: 22 | G3: =B3/14 -> 0.86285714 | H3: =C3/27 -> 0.68444444 | I3: =D3/10 -> 0.881 | J3: =E3/22 -> 0.69909091 | K3: =F3/27 -> 0.81481481 | L3: =AVERAGE(G3,H3,I3,K3) -> 0.8107791 | M3: =(J3-L3)*100 -> -11.168819
A4: 2017 | B4: 10.98 | C4: 16.95 | D4: 8.28 | E4: 13.21 | F4: 19.86 | G4: =B4/14 -> 0.78428571 | H4: =C4/27 -> 0.62777778 | I4: =D4/10 -> 0.828 | J4: =E4/22 -> 0.60045455 | K4: =F4/27 -> 0.73555556 | L4: =AVERAGE(G4,H4,I4,K4) -> 0.74390476 | M4: =(J4-L4)*100 -> -14.345022
A5: 2018 | B5: 12.86 | C5: 18.35 | D5: 8.72 | E5: 15.96 | F5: 22.42 | G5: =B5/14 -> 0.91857143 | H5: =C5/27 -> 0.67962963 | I5: =D5/10 -> 0.872 | J5: =E5/22 -> 0.72545455 | K5: =F5/27 -> 0.83037037 | L5: =AVERAGE(G5,H5,I5,K5) -> 0.82514286 | M5: =(J5-L5)*100 -> -9.9688312
A6: 2019 | B6: 12.01 | C6: 18.8 | D6: 8.4 | E6: 15.45 | F6: 19.2 | G6: =B6/14 -> 0.85785714 | H6: =C6/27 -> 0.6962963 | I6: =D6/10 -> 0.84 | J6: =E6/22 -> 0.70227273 | K6: =F6/27 -> 0.71111111 | L6: =AVERAGE(G6,H6,I6,K6) -> 0.77631614 | M6: =(J6-L6)*100 -> -7.404341
A7: 2020 | B7: 11.64 | C7: 18.64 | D7: 8.31 | E7: 16.02 | F7: 21.2 | G7: =B7/14 -> 0.83142857 | H7: =C7/27 -> 0.69037037 | I7: =D7/10 -> 0.831 | J7: =E7/22 -> 0.72818182 | K7: =F7/27 -> 0.78518519 | L7: =AVERAGE(G7,H7,I7,K7) -> 0.78449603 | M7: =(J7-L7)*100 -> -5.6314214
A8: 2021 | B8: 11.26 | C8: 17.25 | D8: 6.98 | E8: 13.07 | F8: 19.56 | G8: =B8/14 -> 0.80428571 | H8: =C8/27 -> 0.63888889 | I8: =D8/10 -> 0.698 | J8: =E8/22 -> 0.59409091 | K8: =F8/27 -> 0.72444444 | L8: =AVERAGE(G8,H8,I8,K8) -> 0.71640476 | M8: =(J8-L8)*100 -> -12.231385
A9: 2022 | B9: 10.78 | C9: 18.64 | D9: 7.74 | E9: 13.79 | F9: 21.19 | G9: =B9/14 -> 0.77 | H9: =C9/27 -> 0.69037037 | I9: =D9/10 -> 0.774 | J9: =E9/22 -> 0.62681818 | K9: =F9/27 -> 0.78481481 | L9: =AVERAGE(G9,H9,I9,K9) -> 0.7547963 | M9: =(J9-L9)*100 -> -12.797811
A10: 2024 | B10: 11.33 | C10: 19.35 | D10: 8.05 | E10: 14.14 | F10: 22.1 | G10: =B10/14 -> 0.80928571 | H10: =C10/27 -> 0.71666667 | I10: =D10/10 -> 0.805 | J10: =E10/22 -> 0.64272727 | K10: =F10/27 -> 0.81851852 | L10: =AVERAGE(G10,H10,I10,K10) -> 0.78736772 | M10: =(J10-L10)*100 -> -14.464045
A11: 2025 | B11: 12.76 | C11: 19.94 | D11: 8.52 | E11: 14.13 | F11: 21.6 | G11: =B11/14 -> 0.91142857 | H11: =C11/27 -> 0.73851852 | I11: =D11/10 -> 0.852 | J11: =E11/22 -> 0.64227273 | K11: =F11/27 -> 0.8 | L11: =AVERAGE(G11,H11,I11,K11) -> 0.82548677 | M11: =(J11-L11)*100 -> -18.321405
A12: 2026 | B12: 12.94 | C12: 19.6 | D12: 8.04 | E12: 14.91 | F12: 23.53 | G12: =B12/14 -> 0.92428571 | H12: =C12/27 -> 0.72592593 | I12: =D12/10 -> 0.804 | J12: =E12/22 -> 0.67772727 | K12: =F12/27 -> 0.87148148 | L12: =AVERAGE(G12,H12,I12,K12) -> 0.83142328 | M12: =(J12-L12)*100 -> -15.369601
A13: Ort. | G13: =AVERAGE(G3:G12) -> 0.84742857 | H13: =AVERAGE(H3:H12) -> 0.68888889 | I13: =AVERAGE(I3:I12) -> 0.8185 | J13: =AVERAGE(J3:J12) -> 0.66390909 | K13: =AVERAGE(K3:K12) -> 0.78762963
A15: 2023 sonuç tablosunda yok. Maks soru: Fen14, Mat27, Sosyal10, İng22, Türkçe27. Kohort-ar. = İng% − (diğer 4 dersin ort %).

Sheet 7_Korelasyonlar
A1: Analiz: Hangi metrik İngilizce başarısını açıklıyor?
A3: Eşleşen yıllar (n=8) — veri bloğu
A4: Yıl | B4: Söz/Soru | C4: Okuma dk | D4: %İleri kelime | E4: Flesch RE | F4: Kohort-ar. İng.
A5: 2017 | B5: 33.1 | C5: 5.9 | D5: 0.064 | E5: 89.1 | F5: -14.3
A6: 2018 | B6: 36.8 | C6: 6.6 | D6: 0.133 | E6: 78.8 | F6: -10
A7: 2019 | B7: 33.8 | C7: 6 | D7: 0.155 | E7: 82.3 | F7: -7.4
A8: 2020 | B8: 36.5 | C8: 6.7 | D8: 0.118 | E8: 88 | F8: -5.6
A9: 2022 | B9: 37.4 | C9: 6.7 | D9: 0.09 | E9: 86.8 | F9: -12.8
A10: 2024 | B10: 51.8 | C10: 8.9 | D10: 0.155 | E10: 89.4 | F10: -14.5
A11: 2025 | B11: 47.6 | C11: 8.5 | D11: 0.139 | E11: 80.3 | F11: -18.3
A12: 2026 | B12: 41 | C12: 7.4 | D12: 0.111 | E12: 87.5 | F12: -15.4
A14: KORELASYON (kohort-ar. İngilizce başarısı ile)
A15: Söz/Soru (hacim) | B15: =CORREL(B5:B12,F5:F12) -> -0.60125173
A16: Okuma süresi (hacim) | B16: =CORREL(C5:C12,F5:F12) -> -0.60117873
A17: %İleri kelime (normalize) | B17: =CORREL(D5:D12,F5:F12) -> 0.15874767
A18: Flesch okunabilirlik (yapısal) | B18: =CORREL(E5:E12,F5:F12) -> -0.0458579

Sheet 8_Matematik_vs_İng
A1: Aynı 2. Oturum: İngilizce vs Matematik yükü (tüm 2. Oturum kitapçıkları)
A2: Yıl | B2: Basamak | C2: İng söz/soru | D2: İng karakter | E2: Mat söz/soru | F2: Mat sayı | G2: Mat sembol | H2: Mat karakter
A3: 2016 | B3: 1 | C3: 27.2 | D3: 2880 | E3: 33.4 | F3: 269 | G3: 46 | H3: 5554
A4: 2017 | B4: 1 | C4: 31.1 | D4: 3344 | E4: 32.8 | F4: 220 | G4: 50 | H4: 5849
A5: 2017 | B5: 2 | C5: 32.9 | D5: 3405 | E5: 30.7 | F5: 210 | G5: 55 | H5: 5780
A6: 2018 | B6: 1 | C6: 30.5 | D6: 3242 | E6: 34.2 | F6: 310 | G6: 53 | H6: 6154
A7: 2018 | B7: 2 | C7: 36.8 | D7: 4052 | E7: 37.6 | F7: 246 | G7: 64 | H7: 6705
A8: 2019 | B8: 2 | C8: 33.8 | D8: 3727 | E8: 37 | F8: 218 | G8: 56 | H8: 6602
A9: 2020 | B9: 1 | C9: 31.4 | D9: 3334 | E9: 39.7 | F9: 235 | G9: 30 | H9: 6613
A10: 2020 | B10: 2 | C10: 36.5 | D10: 3759 | E10: 33.7 | F10: 193 | G10: 19 | H10: 5984
A11: 2021 | B11: 1 | C11: 44.2 | D11: 4508 | E11: 33.1 | F11: 185 | G11: 21 | H11: 5570
A12: 2022 | B12: 1 | C12: 36.2 | D12: 3734 | E12: 35.5 | F12: 252 | G12: 38 | H12: 6303
A13: 2022 | B13: 2 | C13: 37.8 | D13: 3923 | E13: 29.8 | F13: 175 | G13: 44 | H13: 5283
A14: 2023 | B14: 1 | C14: 45.5 | D14: 4725 | E14: 29.4 | F14: 244 | G14: 25 | H14: 4993
... A21: 2026 | B21: 2 | C21: 41 | D21: 4279 | E21: 27.7 | F21: 139 | G21: 25 | H21: 4612
A23: Yıllık ortalama
A24: Yıl | B24: İng söz/soru | C24: Mat söz/soru
A25: 2016 | B25: =AVERAGEIFS(C3:C21,A3:A21,A25) -> 27.2 | C25: =AVERAGEIFS(E3:E21,A3:A21,A25) -> 33.4
A26: 2017 | B26: =AVERAGEIFS(C3:C21,A3:A21,A26) -> 32 | C26: =AVERAGEIFS(E3:E21,A3:A21,A26) -> 31.75
A27: 2018 | B27: =AVERAGEIFS(C3:C21,A3:A21,A27) -> 33.65 | C27: =AVERAGEIFS(E3:E21,A3:A21,A27) -> 35.9
A28: 2019 | B28: =AVERAGEIFS(C3:C21,A3:A21,A28) -> 33.8 | C28: =AVERAGEIFS(E3:E21,A3:A21,A28) -> 37
A29: 2020 | B29: =AVERAGEIFS(C3:C21,A3:A21,A29) -> 33.95 | C29: =AVERAGEIFS(E3:E21,A3:A21,A29) -> 36.7
A30: 2021 | B30: =AVERAGEIFS(C3:C21,A3:A21,A30) -> 44.2 | C30: =AVERAGEIFS(E3:E21,A3:A21,A30) -> 33.1
A31: 2022 | B31: =AVERAGEIFS(C3:C21,A3:A21,A31) -> 37 | C31: =AVERAGEIFS(E3:E21,A3:A21,A31) -> 32.65
A32: 2023 | B32: =AVERAGEIFS(C3:C21,A3:A21,A32) -> 44.05 | C32: =AVERAGEIFS(E3:E21,A3:A21,A32) -> 31.6
A33: 2024 | B33: =AVERAGEIFS(C3:C21,A3:A21,A33) -> 46.6 | C33: =AVERAGEIFS(E3:E21,A3:A21,A33) -> 27.4
A34: 2025 | B34: =AVERAGEIFS(C3:C21,A3:A21,A34) -> 49.7 | C34: =AVERAGEIFS(E3:E21,A3:A21,A34) -> 27
A35: 2026 | B35: =AVERAGEIFS(C3:C21,A3:A21,A35) -> 41.25 | C35: =AVERAGEIFS(E3:E21,A3:A21,A35) -> 30.65
A37: Not: Geometri/şekil soruları metne yansımaz; bu, metin+sembol yükünü ölçer (kavramsal zorluğu değil). Şekil yükü sabit varsayılır.
